42.465000000000082,0.020823051249079044,-15.334421161632115,113.15602459898639
42.994061627600672,0.015771672125046668,-15.20390219118234,112.82753897986909
43.52971471183141,0.0091275726588223756,-15.017897281906391,112.04842180561491
44.072041374128233,0.017561928186319253,-14.948347919910393,111.78851718344541
44.621124759058802,0.02113433993185752,-14.841090866832483,111.15021029355435
45.177049047070021,0.018219620787460183,-14.700278766026965,110.73886384485893
45.73989946739345,0.01798753285961335,-14.497200597981944,110.471975369796
46.309762311111953,0.012271138431855925,-14.437128653887934,109.33920527728992
46.886724944389172,0.0077862587553719324,-14.185570241102711,108.99455017538543
47.470875821863316,0.0053029206485287203,-14.055087650992519,108.39886212505873
48.062304500208782,0.0084997971677729864,-13.995282126399742,107.78206407688462
48.661101651865806,0.020942575894371075,-13.894590556154643,108.14855446132367
49.267359078941595,0.0071904448244920569,-13.762393000430674,106.75603786039673
49.881169727284743,0.0051668719557570655,-13.574561936089729,106.34515881387927
50.502627700734372,0.0057538028459130763,-13.45719336965792,105.76075391878291
51.131828275547917,0.015046399236802052,-13.427388113592043,105.72141018336407
51.76886791500759,0.013100775907032987,-13.168309313782672,105.35244576639028
52.413844284209368,0.026708988346424288,-13.140998928090291,105.0185723766424
53.066856265036208,0.023974676978742122,-13.029718674348212,104.25765107729194
53.7280039713173,0.020781482266217059,-12.889039665736801,103.96288095055068
54.397388764177208,0.017773172952208507,-12.678299915522,103.54145990424888
55.075113267575233,0.012638456123977024,-12.617264354181481,102.48805934197892
55.761281384038909,0.013298674935342,-12.425871143389962,102.11041043243723
56.455998310593451,0.015649492894668639,-12.309219448110632,101.86763639897602
57.159370554889193,0.015974434082518862,-12.187231717544925,101.30144254193164
57.871505951531013,0.010500773914266244,-12.091382646915251,100.51958076263696
58.592513678610111,0.021674404543328446,-12.005163111114744,100.2023575966369
59.322504274442323,0.01490058752203555,-11.852886584039483,99.567930004307328
60.061589654514961,0.010979167861740306,-11.712502528376202,99.188547154687114
60.809883128644145,0.015182222754042615,-11.60547531434762,98.6501619068233
61.567499418347246,0.014243933607032477,-11.490511212026268,98.160596126576522
62.33455467443035,0.016181643657596185,-11.394247645542098,97.574928871385254
63.111166494795633,0.018131196380801011,-11.261410582392442,97.211053232227982
63.897453942470506,0.016368120216694922,-11.148618418141458,96.63927232222332
64.693537563860744,0.01492507984517279,-11.030385438211454,96.134337158850485
65.499539407232376,0.013226693456970223,-10.9128658700784,95.598137433363632
66.315583041422386,0.018600262643521152,-10.795250386611905,95.160743204384488
67.141793574783435,0.013741959193271772,-10.681520798973491,94.559572345933788
67.9782976743642,0.015556620184193536,-10.563018754139362,94.0686859418783
68.825223585329041,0.015926950199067331,-10.462104473917416,93.596221216785068
69.682701150618783,0.017531882892033831,-10.343357777832914,93.094633127635404
70.550861830857826,0.019680754355105877,-10.241339450160007,92.540325619322203
71.429838724508073,0.014425800321208137,-10.127659115910905,92.019848428531049
72.319766588274376,0.01718137635658146,-10.006917588490348,91.444211475765002
73.220781857764237,0.019270303922706677,-9.9047458057736435,90.903494409237894
74.133022668405061,0.018079484366209788,-9.796728790814754,90.481353486964423
75.056628876621176,0.016110060607845589,-9.6967749301466473,89.938818412414321
75.991742081276257,0.014564712262638412,-9.5736207958810304,89.519099265496678
76.938505645381383,0.021252694058300443,-9.4724068183656325,89.006885008993095
77.897064718074233,0.014881758640345688,-9.3593002714314117,88.418851375594613
78.867566256872294,0.01931094615635311,-9.2648085006731371,87.914278093408896
79.850159050202279,0.015119888328304243,-9.1453034104794604,87.491036599036079
80.844993740212075,0.019194698847638452,-9.0427497764044347,86.930287897647105
81.8522228458651,0.01516699635382909,-8.9352936092595741,86.533723535547608
82.872000786323341,0.016499219021953202,-8.8354324817754879,85.937639707309273
83.904483904621443,0.017280565230366186,-8.7448671687964925,85.453159849069451
84.949830491636007,0.014253327385876934,-8.6304692729608199,84.933961380749224
86.008200810352577,0.01514371110802068,-8.524273376916998,84.337765189198791
87.07975712043671,0.014637423110385669,-8.437294367559609,83.928897440452843
88.164663703109554,0.021837169403291116,-8.3248772258759711,83.483851734994417
89.26308688633398,0.016025291354747291,-8.2409812056752063,82.959865944935061
90.375195070314589,0.013410557934044862,-8.1583435197180894,82.45542899360278
91.501158753315394,0.018440996308511717,-8.0279049584997342,82.005070478459857
92.641150557798341,0.0092275580142039005,-7.9340251999778344,81.230838331097488
93.795345256889348,0.01860800532504828,-7.8244665858984517,80.989941138299486
94.963919801172139,0.020467449250725769,-7.7353047106266528,80.563585024446894
96.1470533458169,0.016407510566397446,-7.6357600620256525,79.890865854309681
97.344927278046896,0.013406323818616655,-7.5717496436049467,79.21386390201917
98.557725244946326,0.015981732961058637,-7.4453312242070888,78.892451107447087
99.785633181616575,0.016570728607098885,-7.3573746387348917,78.529314720591913
101.02883933968135,0.01709682411138895,-7.265968311544917,78.005412148054006
102.28753431614786,0.014292822751641565,-7.1714715960708384,77.27079447589611
103.56191108262757,0.019247206013810678,-7.0991578461735214,76.969067218331418
104.85216501492009,0.013195439051162001,-7.0139205813267029,76.244534586635424
106.15849392296764,0.011240670200644618,-6.9191141450002061,75.706399092945276
107.48109808118056,0.016813340407552474,-6.8466735249372812,75.347807871510696
108.82018025914211,0.016641914014126416,-6.7281543911439208,74.979251881097227
110.17594575269422,0.015214711256893566,-6.6718765192962817,74.329383741640015
111.54860241541304,0.012350908916056778,-6.5666303713714536,73.728242195276266
112.93836069047413,0.0080323819869950932,-6.4798149365857682,73.196457875549385
114.34543364291599,0.011924641731199634,-6.4003082102910973,72.816753041143969
115.77003699230552,0.015214876807024796,-6.2964157725499534,72.322227525358429
117.21238914580908,0.016700586426928746,-6.2359734208432736,71.844585183740151
118.67271123167828,0.018171136389349966,-6.1494206668493954,71.271234220508134
120.15122713315021,0.014204330768178409,-6.0657002162850029,70.793313653828989
121.6481635227716,0.016870955120212552,-5.9855068267450662,70.329832067727921
123.16374989715027,0.018709338688635224,-5.8885231891265484,69.757323235356694
124.69821861213858,0.016750508072096368,-5.8202455665428428,69.33097719068715
126.25180491845745,0.012129062777405933,-5.7384131952266841,68.805633915279955
127.82474699776208,0.016658437709195121,-5.656509369987738,68.266368664457701
129.4172859991578,0.015737326273499757,-5.5846614329375086,67.747565077543669
131.02966607617125,0.015676825187630486,-5.5118299689575565,67.260202082647908
132.66213442418066,0.01539496406797659,-5.4315416699531074,66.782834184684376
134.31494131831525,0.01551052533209487,-5.3529210856058747,66.276723962171005
135.98834015182391,0.019143710152797744,-5.2763615692277224,65.754573293196032
137.68258747492354,0.019145637319233754,-5.2065587552174755,65.266582063137918
139.39794303413123,0.013978261810457708,-5.1308269249070708,64.798810623906661
141.13466981208512,0.017735247995243557,-5.0675625796488069,64.278033249958142
142.89303406786405,0.014494495009851498,-4.9937874916435385,63.789662587076748
144.67330537780705,0.020635896144885323,-4.924288577381553,63.282658880551082
146.47575667684251,0.01332993813814831,-4.8484996555388848,62.79215681513115
148.30066430033222,0.022569165617776596,-4.7918434867680579,62.351617580772185
150.14830802643561,0.021035211120124828,-4.7163000519415945,61.820657776007536
152.01897111900456,0.016510077830801283,-4.6483892543892225,61.317659454938124
153.91294037100946,0.010144693644703833,-4.5779906435089792,60.846767901991157
155.83050614850805,0.013861309742801716,-4.5099668491684533,60.370268449199557
157.77196243516212,0.021724969508601626,-4.4529912387342465,59.873456960562919
159.73760687730709,0.020040628212845621,-4.3857665426091916,59.379987865921898
161.72774082958614,0.012529219864748926,-4.3206183511303964,58.889537090139925
163.74266940115018,0.014916439865015882,-4.2598517420554085,58.396987439178787
165.78270150243446,0.01105650240431464,-4.197648019172747,57.950394656745175
167.84814989251839,0.014785948031660705,-4.1370957134137516,57.450041223105075
169.93933122707352,0.015377989480268384,-4.0797435715428856,56.981177602175762
172.05656610691221,0.017527061097471177,-4.0154582466763706,56.512703194141778
174.20017912713809,0.015191506381843231,-3.9581040045919691,56.030926627825906
176.37049892691007,0.016291550611945267,-3.9049169544832703,55.524820227369517
178.5678582398269,0.016175472665374752,-3.8513164108855436,55.093697691487677
180.79259394493729,0.015515385374002969,-3.7925640825696512,54.598679120663178
183.04504711838936,0.012319516617623335,-3.7371395179837701,54.109923917321396
185.32556308571964,0.020569353087817904,-3.681261891730248,53.64098035203655
187.63449147479594,0.019264846948549439,-3.6235871805862292,53.123748600211108
189.9721862694193,0.018170946783606083,-3.5726546430637836,52.681454124134476
192.33900586359189,0.018386366343550554,-3.5222919613585022,52.226655858678896
194.73531311646536,0.015025698551679628,-3.4757720695295702,51.747810713981451
197.16147540796911,0.02020602592312546,-3.4078060522271958,51.300799030363208
199.61786469513436,0.019621146623907734,-3.3649500099738594,50.849449405070281
202.1048575691191,0.018727808732097128,-3.3190906102511084,50.375000134673201
204.62283531294389,0.017387734222624303,-3.2689460130022789,49.896411284689087
207.17218395994524,0.015480356588503295,-3.22523791704254,49.474300400322946
209.75329435296109,0.017915988539776186,-3.1785747685089976,49.023542495479333
212.36656220424948,0.019330508805566169,-3.1282189438622705,48.534590817936575
215.01238815615625,0.021058289796260652,-3.0806566120536405,48.079878621626939
217.69117784253763,0.013075374555660756,-3.0378277601729868,47.719230219559563
220.4033419509488,0.017457653178174208,-2.9985294910387159,47.176408604922436
223.14929628560506,0.015382364136235315,-2.9519189733311584,46.709472506353777
225.92946183113165,0.018898197588952614,-2.9049400297049748,46.311396135954936
228.74426481710367,0.013008038244022959,-2.865704371528019,45.861108422259804
231.59413678339206,0.015254687425389834,-2.8190342891059403,45.447400055520603
234.47951464632328,0.0213996774595741,-2.7724649824089727,45.002852272605935
237.4008407656639,0.020900926312132747,-2.7364091007586184,44.503144616110212
240.35856301243726,0.012907288253916677,-2.6964299194898804,44.13849431531699
243.35313483758966,0.021136439449197443,-2.661845701805063,43.711726469742842
246.38501534150771,0.012485691460161118,-2.6226155660230743,43.282841754808913
249.45466934440361,0.014841968500367141,-2.5783687762583476,42.860052715613563
252.56256745757767,0.017191433470827893,-2.5414720057308529,42.436635819169837
255.70918615556636,0.020802763795302659,-2.5044233978239063,42.008236990179796
258.89500784919369,0.015928876732664455,-2.4630168834949004,41.590999969532888
262.12052095952833,0.015740590429277678,-2.4324296569080675,41.187626548522744
265.38621999276427,0.021114728996408476,-2.3984566149993536,40.744430867003643
268.69260561603369,0.018936366870123001,-2.3614445774148587,40.380486929471026
272.0401847341659,0.021279412853747362,-2.3288130588211371,39.921139094833279
275.42947056739854,0.013302363776901131,-2.2932070190347305,39.569246803674091
278.8609827300632,0.017887720700958645,-2.2623583379262477,39.123681628901224
282.33524731024607,0.016858694724092932,-2.2273275144389668,38.786060796478154
285.85279695044323,0.016122208466389325,-2.1976806588049951,38.325142717104768
289.41417092922063,0.019432946455726421,-2.1667342667198946,37.954522579540821
293.01991524389183,0.020417987982517889,-2.1362730881424943,37.558836487562516
296.67058269422313,0.017805588222342256,-2.1032646024016093,37.137710035072075
300.3667329671872,0.016643492232551328,-2.0728230626059125,36.728891600984539
304.10893272276689,0.015714492881119337,-2.0514153697509299,36.405910053632198
307.89775568083081,0.022528487187439796,-2.0200241107243739,36.033228367344606
311.7337827090916,0.021542450822912788,-1.9868938672218031,35.650944645699042
315.61760191215666,0.0121802796325007,-1.963480993376612,35.224079577039234
319.54980872169489,0.015043375771011645,-1.9333365216791969,34.905555085642725
323.53100598771994,0.007031862228902357,-1.9027826447866227,34.518908091938478
327.56180407101488,0.019495391366267836,-1.8842136739978237,34.116971407143865
331.64282093670721,0.0093631326052223025,-1.8565247568882157,33.813110207316704
335.77468224900724,0.019374716764155954,-1.8354100913679199,33.50047750460935
339.95802146713345,0.014788590148410562,-1.8118214229004368,33.09814962843145
344.19347994242548,0.016497120887681332,-1.7873264626256404,32.69544116675975
348.48170701667135,0.013130808730341096,-1.7573784137423574,32.34963322797703
352.82336012165905,0.018615839895883564,-1.7365668077284719,31.982749936814002
357.21910487996519,0.020845132217867882,-1.7184238112711403,31.687028374130122
361.6696152070067,0.01758369949673913,-1.689069461256697,31.374986526575043
366.17557341435622,0.014990153250978432,-1.6694730203702426,31.01309190743325
370.73767031434863,0.014121242155387289,-1.6477171273673439,30.655644048119516
375.35660532599093,0.015924514047660543,-1.630792845298962,30.348416650608243
380.03308658218776,0.013433736889794526,-1.6111040883124563,29.975953385497391
384.76783103831042,0.025043688075080492,-1.5889889852449546,29.592208356078025
389.56156458211063,0.018805280001667833,-1.5738392182455549,29.347278308171397
394.41502214500809,0.013033022963501062,-1.5493269805598331,28.999547555410729
399.32894781476421,0.013082762562423014,-1.529632207509021,28.692578797640479
404.30409494955541,0.015294779507360742,-1.5136267109626356,28.337075732706694
409.34122629347615,0.013797215630114566,-1.4915354416697633,27.99695863768406
414.44111409347335,0.014063460715056904,-1.474645205282858,27.734776268664788
419.60454021773705,0.019670791526972119,-1.4543793064531974,27.406291985358294
424.83229627557824,0.020924620311949201,-1.4426912349849228,27.157193829517411
430.12518373877975,0.016446853897112118,-1.4269822695878831,26.804185420628116
435.48401406447954,0.017135266327197925,-1.4024311054659246,26.535153662767911
440.90960881957261,0.014336906081492993,-1.3895615100754268,26.205913921028653
446.40279980666276,0.016099629480433628,-1.378790307443476,25.923359086977968
451.96442919159648,0.010379909314578377,-1.3585907126637919,25.592714297428017
457.59534963256374,0.026802268960869166,-1.3461804977522078,25.356112645842273
463.29642441082967,0.015970879623964901,-1.3331739997163086,25.042906158839379
469.06852756308132,0.019730853977363506,-1.3143662589448937,24.749171949894745
474.91254401542307,0.016131715355663743,-1.3044231385750877,24.466867808874156
480.82936971905605,0.014130112294481708,-1.289384156830895,24.237283204207927
486.81991178762382,0.021215562440417765,-1.2774405570450789,23.899122692051513
492.88508863629289,0.01772529679648915,-1.2609944991510738,23.636443039813816
499.02583012255263,0.011116105261490207,-1.2542025444720226,23.372113877717482
505.24307768876884,0.022705101292222266,-1.2368518046787877,23.075691163001075
511.53778450652345,0.019910457645028162,-1.2252835103411712,22.825249778150493
517.91091562274198,0.012007341472224878,-1.2091306861498754,22.575124880496254
524.3634481076466,0.014605296232642801,-1.1994524645106555,22.338478951836294
530.89637120455302,0.01570112952452022,-1.1904142340980566,22.068635164932999
537.51068648152761,0.01787231874298691,-1.1758965243824786,21.824135118351933
544.20740798494523,0.018867955218571163,-1.1695318356610385,21.558055455413971
550.9875623949489,0.016299829015933916,-1.1621675352694072,21.291503850162307
557.85218918285318,0.011551773075241228,-1.1482816182207281,21.068389514770914
564.80234077050602,0.011567220150276596,-1.136079241320713,20.787378093106671
571.83908269163317,0.01122884289164114,-1.1226444173892416,20.537157705865773
578.96349375520219,0.016471593333392712,-1.110467278164212,20.263192878161632
586.1766662108115,0.016469868436161605,-1.103745077685887,20.104152704367362
593.47970591614478,0.02013348182067182,-1.0962688689407893,19.848759446646895
600.87373250651126,0.0082328619987471797,-1.0880522937223223,19.633330622872563
608.35987956649922,0.017077101219765536,-1.0710230748380503,19.397283552951862
615.93929480376164,0.015557515051732258,-1.0725746026669056,19.162261040581804
623.61314022497993,0.0089450788718955648,-1.0563231091206751,18.902100022502566
631.38259231400718,0.022891502580190452,-1.0520251097484017,18.714950575612711
639.24884221223681,0.019343732127026812,-1.0433734726674753,18.512889009148097
647.21309590121825,0.022325959542893188,-1.0324312794867183,18.275204089235835
655.2765743875475,0.01862870496038474,-1.0338613498780982,18.042919494841556
663.44051389005563,0.013046662995530495,-1.0176722246529344,17.83036378528297
671.70616602934319,0.0075988821895560457,-1.0090524259421276,17.692155213519925
680.07479801966065,0.00027104012397833325,-0.99712785607538656,17.441259931178365
688.54769286318867,0.018915976515626844,-0.99943888498912548,17.20246094135679
697.12614954673586,0.020136231925706599,-0.98758243628474751,17.057629842848435
705.81148324088826,0.020220142230728599,-0.98487856253244055,16.793923446875084
714.60502550163494,0.01414358304569919,-0.98246273340721324,16.619527223241509
723.50812447451744,0.016879081460160955,-0.96527959568186628,16.381555101596312
732.52214510130977,0.014573002373110615,-0.96134851725984749,16.173551566508237
741.64846932928037,0.022152624507152989,-0.95293288952472899,15.993920128109608
750.88849632305948,0.011340940895671028,-0.9502754093756367,15.797611964666288
760.24364267914802,0.014988441786896557,-0.94286332121801653,15.641866383493209
769.71534264309082,0.017127014372444939,-0.93880880260371824,15.473538696704203
779.30504832937117,0.015926278154344418,-0.9299253358371784,15.259568589833776
789.01422994403003,0.0049978662035713569,-0.92342074836688048,15.096062307703221
798.84437601006584,0.020490310113764999,-0.91842177853721674,14.861098556948448
808.79699359564131,0.012110490068018459,-0.909782963013538,14.701875318812156
818.87360854513474,0.023865479270696304,-0.90828123094818747,14.544299894660298
829.07576571306254,0.016449594541122322,-0.90802978993047845,14.366618549034726
839.40502920093138,0.013785928826075915,-0.90065680496857903,14.230740199348077
849.86298259702619,0.024172935547421816,-0.89105396372476098,14.00981194469958
860.4512292191921,0.016793165592615188,-0.8936385974454919,13.883635117400445
871.1713923606427,0.017232282508312661,-0.88351488465822681,13.697540368193813
882.02511553882209,0.016246768993139482,-0.87901430658416813,13.507391699279424
893.01406274738372,0.022114424125536464,-0.87426969710287949,13.343124985211048
904.13991871129133,0.0039913141045159915,-0.87537990301298518,13.20178378996507
915.40438914510878,0.0096170359633499514,-0.87186329543362906,13.056213907167866
926.80920101450499,0.016796982419037799,-0.8574799625605789,12.899463651063982
938.35610280101002,0.016252397402661,-0.85759354523095566,12.724525593824922
950.0468647700867,0.015679584308689775,-0.85784372965421196,12.534574378190342
961.88327924252508,0.026604585534080544,-0.85588677753217535,12.40363697368015
973.8671608692257,0.010727018255399035,-0.8483959482019825,12.245054891313714
986.00034690940754,0.013465129667671728,-0.84936268999726161,12.086920077940135
998.2846975122718,0.026146953320721197,-0.84612668544738545,11.955343164262219
1010.7220960021953,0.009958422391309887,-0.83479620408089639,11.857413857010911
1023.314449167456,0.021354182162128983,-0.82985209289759543,11.6813931378869
1036.0636875525679,0.0048814201050384745,-0.82957687606491481,11.577863774171959
1048.971765754251,0.013272497347538265,-0.82553841806855499,11.400676092561923
1062.0406627210943,0.0068557826063654331,-0.82467973319137911,11.26498937513567
1075.2723820569527,0.017554278496170722,-0.81816884300528681,11.117738529954352
1088.6689523281175,0.0179533896631737,-0.81915487032480394,10.961061298472142
1102.2324273743186,0.022799107746870193,-0.81244671979303607,10.87755889901935
1115.9648866236039,0.015478010933930688,-0.80824545981363416,10.702031606179455
1129.8684354111276,0.018559221886410952,-0.81312407830601952,10.570116492134389
1143.9452053019349,0.0089501881125877529,-0.8056242897362802,10.465141034575282
1158.1973544177486,0.011980918136276261,-0.80791131224550938,10.350697299639933
1172.6270677678215,0.010526376848032449,-0.8030947074962429,10.201659273614055
1187.2365575839488,0.016165629305421623,-0.80217638847615458,10.068171943036909
1202.0280636595942,0.024193554872252748,-0.79669702862580505,9.970271303959521
1217.0038536933002,0.0074006691723506072,-0.78810636154321656,9.7936874599598269
1232.166223636342,0.01297044803162971,-0.79160742937119832,9.6906837571141011
1247.5174980447114,0.018976922456912525,-0.78606169346909005,9.5788184394134674
1263.0600304355239,0.0065528156710233203,-0.78553107031935077,9.488321949037374
1278.7962036478036,0.016230451508786034,-0.78512807022328268,9.3721596579310926
1294.7284302078262,0.013449013657558248,-0.7812242325372144,9.2291120922730272
1310.8591526989733,0.017334415840341785,-0.77877675569848615,9.1341785931175536
1327.1908441362036,0.030587361691052709,-0.7887599416693396,9.0594923008944086
1343.726008345209,0.015443379631366355,-0.77895924608379974,8.8993895778851311
1360.4671803462534,0.004962375377974268,-0.77389213735095985,8.8038476373742611
1377.4169267428429,0.015919846431562329,-0.77344853095554267,8.6967746388784377
1394.5778461152017,0.015334163851893389,-0.77302223531599756,8.5887545084509185
1411.9525694186602,0.015662716869392815,-0.76930945642194692,8.5304534247190134
1429.5437603870248,0.020328881091037487,-0.77482448256440672,8.3740277023192533
1447.3541159409306,0.028444523168925914,-0.76978814485719749,8.2741193038435483
1465.3863666013362,0.02627365569924791,-0.7616145112492867,8.1980782169149791
1483.6432769081268,0.011297743488487427,-0.76549230102421306,8.0206102256538117
1502.1276458439472,0.014542148776180588,-0.75744363384160807,7.9531081504958223
1520.8423072633304,0.011401269237370101,-0.75997727667850667,7.9307040793026147
1539.790130327139,0.0094516926458812975,-0.76095359192017997,7.8557882626862607
1558.9740199424505,0.024228744471498576,-0.75937298279710008,7.6579672083886123
1578.3969172079126,0.010003078926488862,-0.74790296732414274,7.5936517888074277
1598.0617998646344,0.0042505727102646251,-0.75262426662483795,7.5220186980837411
1617.9716827527252,0.013824337020801086,-0.75311684304392457,7.4146605323659003
1638.1296182734791,0.02333406784193498,-0.74735955761195538,7.3198751178205725
1658.5386968573614,-0.0077539182419925461,-0.74547327616741366,7.2477101160319908
1679.2020474377921,0.0085731549808142661,-0.75386021813525361,7.1439649275340571
1700.1228379308475,0.013423315222434382,-0.73835886517738658,7.040140388113155
1721.3042757209496,0.024779406943338585,-0.74761378051373395,6.9519324815428547
1742.7496081525703,0.011913994470793408,-0.74122745551655922,6.8380126789565168
1764.462123028103,0.0024492826477750754,-0.74426874591956516,6.6955577806107414
1786.4451491119125,0.010843890906958437,-0.74330457531981575,6.7483454962166149
1808.7020566406595,0.007252242525591931,-0.73680514229595762,6.6207035063486472
1831.2362578400218,0.0079423466991595006,-0.74124340990875104,6.5328343522406449
1854.0512074477942,0.010339292472552147,-0.73939534140954155,6.4108220054781953
1877.1504032435591,0.015257910096342846,-0.73882558674383703,6.3867610371066803
1900.5373865849297,0.016633095140904851,-0.73790901115563456,6.3375985264934656
1924.2157429504612,-0.002499589173989005,-0.73830178425479343,6.2318881911718194
1948.1891024893787,0.0055975520136616287,-0.73470812885561221,6.0849645044784921
1972.4611405780811,0.019455303532034715,-0.73341851326665353,6.0585240263394695
1997.0355783836419,0.0045977780445188169,-0.72865800721904694,5.980150956735315
2021.9161834342979,0.0049415430401919275,-0.72965156175457246,5.8774533837459657
2047.1067701970348,0.012428787702381471,-0.73216351090853449,5.789238097544839
2072.611200662423,0.0054451532184378792,-0.73068400539522482,5.7473415345966696
2098.4333849366649,0.0056028465174204536,-0.72889287236374578,5.6956512908510177
2124.5772818410801,0.0059860782867298817,-0.72933586606829448,5.6587338706064543
2151.0468995190326,0.006856233008872642,-0.73082512769319663,5.5471494666176682
2177.8462960504007,0.00047249582288012067,-0.72909515094714095,5.4417717614122054
2204.9795800737734,0.0036018184904148529,-0.73354005345415474,5.3676319559311025
2232.4509114162879,0.023277925350856914,-0.71868472594591448,5.3062552969575592
2260.2645017314253,0.0091796396205194117,-0.72040302543662937,5.2474277797599882
2288.4246151446846,-0.0097665334780304876,-0.72409663728641238,5.205890073931414
2316.9355689073009,0.010517118383907313,-0.72168684105803615,5.0890224388556646
2345.8017340581778,0.00053849351899945433,-0.72382978868836734,5.0834766450732616
2375.0275360939504,0.0091365395206791135,-0.71849573369123898,5.0459492497035399
2404.6174556475139,-0.0013904927826979285,-0.72095152102551585,4.9564175876186312
2434.5760291749311,0.013797104934581344,-0.72649972930107753,4.8386767216844362
2464.9078496509123,0.0090949890254398754,-0.716353165006962,4.8464877865719131
2495.617567273001,0.0091590830874759884,-0.72855146140684768,4.7470816037993266
2526.7098901744507,0.011845246157835162,-0.72185270195450313,4.6703065309824012
2558.189585146079,-0.0062040169946435937,-0.71233224973514364,4.680428924073766
2590.0614783670458,0.0051207067517782109,-0.71667987401278133,4.5407188059490764
2622.330456144753,0.021943949311231201,-0.72099909297001064,4.5919991012350039
2655.0014656639987,0.037159511881218528,-0.72488988968932788,4.4592337327556821
2688.0795157453863,0.0099990105024226131,-0.71737231932903711,4.4065725777402349
2721.5696776132786,0.015806224860323553,-0.71464626531920272,4.3853663614129204
2755.4770856732484,0.013325399250237638,-0.71676362389413928,4.3316353844946356
2789.8069382992289,0.011099002561510665,-0.71460849068948296,4.2246392688609546
2824.5644986305165,0.026878359399357139,-0.7136605902541211,4.2245076913210156
2859.7550953786249,-0.0075775759193514834,-0.71477621568043392,4.0688553280482438
2895.3841236442577,0.0062619763796541699,-0.71028066029009806,4.1271330602335752
2931.4570457444397,-0.0021472408255427417,-0.70660308528541449,4.0325678400955205
2967.9793920499296,0.0018002989974071158,-0.70259321437497813,3.9696891556641667
3004.9567618331171,-0.0015386134503260712,-0.70981206231721528,3.8835824016652225
3042.3948241264134,0.00091345025015530294,-0.71212634498079419,3.8509795395643422
3080.2993185914092,-0.0026279381149003512,-0.71572417809001587,3.8495934691299425
3118.6760563988055,0.014924341133976053,-0.70454444505372527,3.7609174405147172
3157.5309211193326,-0.00061865184747496467,-0.71031836457995268,3.7717502087157939
3196.8698696257902,0.012749072957943978,-0.70808846865787356,3.6636892525626337
3236.6989330062561,-0.011757968111080059,-0.70397958904443625,3.6635116936771368
3277.0242174887558,-0.0073557465989436801,-0.70737753666703274,3.5914911196028498
3317.8519053774039,0.0053069871236504952,-0.71619686542070238,3.4852234424949398
3359.1882560001877,0.0039830851496470508,-0.71223946961512241,3.4425444005874368
3401.0396066686531,-0.01094593221017093,-0.71172606330785504,3.4829855884416219
3443.412373649418,-0.0078963298904937244,-0.71372225627110542,3.3554514996172813
3486.3130531478978,-0.0086655154155205298,-0.71268673032750474,3.3763841338550407
3529.7482223042362,-0.0031333911959772836,-0.70984029361750967,3.2772904710566308
3573.7245402016197,0.0084893066425328519,-0.70883202325018257,3.2892916234391691
3618.2487488872521,-0.014996376288503607,-0.70856756577814539,3.2081776240850957
3663.3276744059162,-0.0028955936232473163,-0.71248858599917486,3.1667660106007602
3708.9682278465252,0.0037147302582745314,-0.70624010925189395,3.1202935328244337
3755.1774064016568,0.0053678105248031079,-0.70365210370881115,3.035392966282771
3801.9622944402727,0.0064586171036489564,-0.70316635590120957,2.9951888965573801
3849.330064593873,0.0019941302161817845,-0.70197225306009803,3.0308039229962276
3897.2879788561099,-0.0050097064981481382,-0.70367541723336313,2.9945948195844494
3945.8433896961383,-0.0063936129424039118,-0.70279226467013278,2.9277522488235332
3995.0037411858357,-0.0067564895564261934,-0.71341396635901433,2.8101415592768717
4044.7765701410272,-0.00093876857368398268,-0.7091172782638645,2.8318829696642069
4095.1695072770099,-0.0086729733677726982,-0.70370007938596313,2.7611915192576078
4146.1902783783944,-0.0070714857498299141,-0.70908272363139613,2.788303776788382
4197.8467054835537,-0.0020451356981128189,-0.70533224934911087,2.7371925666118884
4250.146708083842,0.0071115841265572757,-0.71351538722207219,2.7388105951701505
4303.0983043377009,-0.010317962722240961,-0.69987500603641728,2.6468400379612262
4356.709612299981,-0.00011000766494437703,-0.69968236948859586,2.594852480539771
4410.9888511664949,0.0043918257295562707,-0.7099855050545627,2.5415726391037623
4465.9443425341206,-0.019372818448721928,-0.70170586407183755,2.5274500228584582
4521.5845116765886,-0.011797749523919741,-0.70277654155931102,2.4892431703954685
4577.9178888361648,-0.0030221996789400892,-0.68977192962667699,2.4890902208577259
4634.9531105314318,-0.001737747927355156,-0.71674318407106152,2.493802779208794
4692.6989208813702,-0.018014962267584176,-0.69640189942878883,2.4555722730819483
4751.1641729459179,-0.022903946228442905,-0.69953999731687933,2.3647263446004558
4810.3578300832442,-0.017489334080437957,-0.68796494396011321,2.3335422076492405
4870.2889673239151,-0.0050442754094358767,-0.7070680683892171,2.3333363423926414
4930.9667727622236,-0.017311047802156181,-0.70577458822076566,2.3160785165842697
4992.4005489647907,-0.019980500687089585,-0.69805011610521817,2.263226576784362
5054.5997143967779,-0.016785661669680371,-0.70504239514802436,2.1632675094242941
5117.5738048658341,-0.022501095941324462,-0.69688140668784759,2.2161436566366284
5181.3324749840112,-0.004078446859587301,-0.71332531932877474,2.1027504415136278
5245.8854996479658,-0.014806376686450516,-0.7027788197399456,2.0715957208476681
5311.2427755375293,-0.0073076688798424314,-0.70464186065414613,2.1233976733669806
5377.4143226329652,-0.011696055828340129,-0.69616534048175516,2.1244658606947411
5444.4102857511843,-0.015976347609058361,-0.7049621197546394,2.0213372522127315
5512.2409361009995,-0.012477133482968455,-0.71820873405346042,2.0224416243029566
5580.9166728578612,-0.021104099007270616,-0.69548922062613094,2.0156560860708339
5650.4480247581541,-0.01487116192980583,-0.70150891667954907,1.9126146868039022
5720.8456517133118,-0.014817230813443417,-0.69459172471862174,1.9376182481151716
5792.120346444206,0.0021804195665481281,-0.71017567401340775,1.8355994766663635
5864.2830361356764,-0.0052459421164255922,-0.70294482547637105,1.8336078321144651
5937.344784111855,-0.0063300994915150097,-0.71061316103710792,1.8703314932321859
6011.3167915322856,-0.038891890470122641,-0.69832570879296829,1.8349240219268665
6086.2103991091199,-0.025531121649407996,-0.70086488457291485,1.7194113032847298
6162.0370888459111,-0.01633422065773605,-0.70780558499507862,1.8028966183444766
6238.8084857977528,-0.011955048414378337,-0.71055744008458532,1.7115893028614328
6316.5363598536696,-0.011127291577562343,-0.71079805777368377,1.7290191970896274
6395.2326275410123,-0.022132843234163421,-0.71048897416053602,1.7412039251341369
6474.9093538523439,-0.039488570973005871,-0.6848792568708485,1.7628797994049421
6555.5787540952715,-0.0038560442613906135,-0.69860328532468796,1.6757708699212799
6637.2531957650099,-0.035505895373590543,-0.69461180090762908,1.6076896619785117
6719.945200440593,-0.026068268422194292,-0.71157779737417426,1.5519485481555932
6803.6674457045146,-0.014853017316825206,-0.70069798882096357,1.6127423058687214
6888.4327670862876,-0.049282618785909144,-0.68738672293357705,1.5048784830989064
6974.2541600304166,-0.033472692225669495,-0.69855325701681859,1.5218505428745175
7061.1447818885554,-0.021840064085379959,-0.70968256568034027,1.4435492424691247
7149.117953936815,-0.032058204390892027,-0.71130049189556288,1.5050879620367681
7238.1871634180043,-0.022154299953547715,-0.71442256732536902,1.4799868425885023
7328.3660656093443,-0.016279501061544105,-0.69516129994691689,1.3458987426854563
7419.6684859160632,-0.01928592403829351,-0.70658828234210969,1.446680612077671
7512.1084219908435,-0.021306576133543309,-0.70210075438468222,1.3190358271143836
7605.7000458799403,-0.026352744348236604,-0.71244362643852022,1.3929405845052401
7700.4577061958589,-0.02583419439136643,-0.70337113520356875,1.3561351023418746
7796.3959303171132,-0.040722950542171149,-0.69514098134745761,1.3062005881477319
7893.5294266155443,-0.01502032652682345,-0.71095171789377176,1.2509840296930399
7991.8730867111126,-0.028820958685096269,-0.69220071864431965,1.2543690736245772
8091.4419877550954,-0.032731857325811201,-0.70148967917350158,1.2719200763406064
8192.2513947415027,-0.014304912793588866,-0.70994489478814549,1.3203321819191558
8294.3167628473493,-0.02047374058583807,-0.70754263852605304,1.1997397523837208
8397.6537398021865,-0.029235826338174148,-0.70516791387952515,1.204922967349745
8502.2781682869681,-0.009846177626628011,-0.70790751949178266,1.1754914230548508
8608.2060883629565,-0.038269117615943621,-0.69876891510155925,1.1441933217075189
8715.4537399308574,-0.035421889419006418,-0.69936900453372253,1.1237614673136598
8824.0375652205094,-0.029105555241307372,-0.7003035125053898,1.03996749943353
8933.9742113117536,-0.019657936982094462,-0.70945066950503954,1.1128038612206268
9045.2805326864909,-0.030234011281067719,-0.71510062313943279,1.0794435040623043
9157.9735938127687,-0.048611025709685091,-0.71092268933611658,1.0110038002084138
9272.0706717608718,-0.022250258539882321,-0.6918592480680209,0.9832551543242225
9387.5892588521019,-0.022712959723775027,-0.68856220342095653,0.86717397653828243
9504.5470653406082,-0.026361034490562478,-0.71614198248876226,0.94629795132348704
9622.9620221284458,-0.03583014339649962,-0.70032091082364178,0.97677051211474009
9742.8522835146669,-0.039152330925061318,-0.69923997149069661,0.78097284268288547
9864.23622997856,-0.014438573251215329,-0.7136094710790688,0.95513429326989296
9987.1324709974851,-0.034345363104269375,-0.69921211152634333,0.93144601243785985
10111.559847900087,-0.031441776895027244,-0.71117000676651732,0.87788712578654327
10237.537436754692,-0.02892347047702204,-0.6945909511707169,0.90500457885854502
10365.08455129399,-0.023930002387847985,-0.7086042270306131,0.85458373093109685
10494.220745876028,-0.033477775475279761,-0.7091001610063139,0.90555532969893449
10624.965818481998,-0.034194064095275749,-0.71471400670626517,0.68411529139275817
10757.339813751683,-0.029889151416807681,-0.6918479122853961,0.79158378363597137
10891.363026056311,-0.039686225192745651,-0.6936854503150337,0.72055882464588983
11027.056002610041,-0.029551315615299212,-0.70435784782841004,0.85177923258217447
11164.439546620042,-0.036461552206846728,-0.70490828102813197,0.72576108747858825
11303.53472047574,-0.028357593953059486,-0.71020668832947675,0.77769237639988376
11444.362848978168,-0.034584861268625387,-0.70635144392493254,0.77656247140140522
11586.94552260897,-0.026368554452789204,-0.69887732172162542,0.70729660641664793
11731.304600840709,-0.034099030318480203,-0.70250377081048221,0.72491410275553392
11877.462215488067,-0.047697055394314535,-0.69755990339574736,0.67192166138939768
12025.440774100796,-0.0085476215759242129,-0.71044398022860356,0.70050400652344536
12175.262963399307,-0.028790484897167935,-0.70832784049944431,0.56339096591901239
12326.951752752448,-0.033737883228812646,-0.70191689815962577,0.60486164976629198
12480.530397699231,-0.031514029239187349,-0.71250835831997772,0.57657091831896423
12636.022443514054,-0.039418074334799116,-0.70083615122075638,0.66545152403020325
12793.45172881635,-0.014207701285951578,-0.70951872605388355,0.59234157913009255
12952.842389225585,-0.027960375116133883,-0.7132128334096911,0.5645681226300816
13114.218861061157,-0.049394245566042681,-0.70820082116015437,0.50468270879110833
13277.605885089022,-0.018509614271733744,-0.70957615372402205,0.55228036497684485
13443.028510314618,-0.042238586835954169,-0.71335726423670209,0.52312554140934253
13610.512097823097,-0.027195860546848319,-0.70616150503939934,0.45091270526086902
13780.082324667625,-0.015622345696213838,-0.72014954456278912,0.49512480814082949
13951.76518780571,-0.030603400062508172,-0.70172313088990756,0.40267975425706481
14125.587008085036,-0.029455691411312584,-0.69938083886202573,0.51589514185921814
14301.574434278649,-0.048386789445358999,-0.68482730136361747,0.45230129552129483
14479.754447170439,-0.035505457698066685,-0.70720602751485817,0.42461138037113244
14660.154363691763,-0.031001992623922104,-0.69721735311982536,0.49181701045349868
14842.801841109178,-0.014409762774699908,-0.71606504008433647,0.38778415969800051
15027.724881264841,-0.032424928342023651,-0.695380902977346,0.44776183060714914
15214.951834869373,-0.014589475496364563,-0.70124033368538519,0.3382728360534486
15404.511405848294,-0.030660646778387278,-0.70320817284876225,0.24399549521453423
15596.432655742808,-0.04215146879816626,-0.71131901368202333,0.3161154020206971
15790.745008165059,-0.022190448858829363,-0.7067455593334786,0.24448133693668694
15987.478253309193,-0.020272116028667457,-0.71859813846317733,0.30243450905607006
16186.662552518552,-0.032652724576005078,-0.70157890818285451,0.3048530105837477
16388.328442909606,-0.023027836072859582,-0.717701696410187,0.23130182341369832
16592.50684205383,-0.017710851425711112,-0.71091231297223001,0.30045064072896821
16799.229052717455,-0.03652427143539938,-0.7157994583984334,0.33003000599120469
17008.52676766074,-0.029941795246169293,-0.72021676048758732,0.34414570348630491
17220.432074496661,-0.030310025441839684,-0.70749427458855418,0.22452884010630214
17434.977460610367,-0.017404847331376882,-0.72296349089233458,0.26715973795940329
17652.195818139862,-0.036643179184558436,-0.69603065972225997,0.19433636808528831
17872.12044901869,-0.022949663981693437,-0.71889295068999703,0.22083560994321516
18094.785070081485,-0.022821441435519702,-0.71713409357531677,0.23756178888764623
18320.223818233175,-0.039864384977036288,-0.71095473352344185,0.092828528534271371
18548.471255682405,-0.022313015422836625,-0.70993315611687302,0.077876155175147233
18779.562375240486,-0.0059870268356396333,-0.72023931577056577,0.19636930181826528
19013.532605686065,-0.043997913294178473,-0.69216581147543166,0.22942181309645093
19250.417817196747,-0.02514789023275283,-0.71221792517952598,0.038077074181146031
19490.254326848437,-0.030126715404634172,-0.71060727254629541,0.082506825782218129
19733.078904182992,-0.031005268013030642,-0.71791941922824765,0.14071195885761512
19978.928776845602,-0.023058149549201143,-0.70041145853206588,0.15034648794866712
20227.841636292065,-0.036279708841552516,-0.70885443005246007,0.011758877364343334
20479.85564356732,-0.026643724804005307,-0.71753313790978168,0.080628013912431129
20735.009435155982,-0.043609308560727131,-0.70294784563076518,0.085677669702349135
20993.342128905588,-0.019584838237267279,-0.7198689254647177,-0.0077362664881448495
21254.893330024035,-0.026611750400899858,-0.7238950201993315,0.0054249504489689571
21519.703137151304,-0.028693202810269911,-0.70819184846366534,0.051009521955123205
21787.81214850707,-0.030609528144310519,-0.69462418375841273,-0.090865779812418168
22059.26146811491,-0.020758785512949178,-0.69873260674221793,0.033782012765541936
22334.092712103789,-0.043648408812754835,-0.70053088083392323,0.035477672246770453
22612.348015088548,-0.03075622415210693,-0.7185616798727501,-0.19516495844760584
22894.070036629433,-0.025632456662500403,-0.7058885764361551,-0.080405118159049493
23179.30196777228,-0.014705978736684513,-0.71370594949886179,-0.13111099458646436
23468.087537670246,-0.022105550623680876,-0.72224614789842545,-0.17971828254034961
23760.471020287761,-0.045612104912766689,-0.69993118150931299,-0.078256812096554995
24056.497241188506,-0.024565669859193486,-0.71486852280497126,-0.052851216179433891
24356.211584407443,-0.028779926977385881,-0.7027663339196617,-0.029776065018438658
24659.659999408756,-0.022820509503180195,-0.70112347351337845,-0.18670700111469785
24966.889008130416,-0.034388907879534858,-0.71738641736332109,-0.082159813060016518
25277.94571211642,-0.022319080312817888,-0.72083505062527042,-0.25484939860153588
25592.877799738028,-0.028257045211547201,-0.69009079775769866,-0.22946239928850787
25911.73355350495,-0.020841174257419687,-0.7137427479967684,-0.097515894272991233
26234.56185746751,-0.025865338083421091,-0.69654167924553567,-0.22827524153584022
26561.412204711149,-0.029061964237033895,-0.72234690123862344,-0.18543295014713124
26892.334704944151,-0.037982394998061345,-0.70591511429595766,-0.25366454417536488
27227.380092180196,-0.044312216782840627,-0.69402886327408153,-0.31061281378165972
27566.599732516206,-0.030248044864919641,-0.71020231571740067,-0.33101810493433703
27910.045632007528,-0.013656827828861465,-0.72353430151316411,-0.24862876647465271
28257.770444640937,-0.027788452454311413,-0.73564981487271652,-0.31483594632304346
28609.827480406992,-0.034108079044099744,-0.69335632372295208,-0.37288800398637179
28966.27071347319,-0.026338955941853943,-0.71407095937145915,-0.36122629153862817
29327.154790458717,-0.01689179796258139,-0.72095139782430073,-0.40988775726724214
29692.53503881229,-0.028985807764699258,-0.70832935921807416,-0.27073898674927932
30062.467475294634,-0.019141798364543723,-0.71274717471519466,-0.4632690468798657
30437.008814566245,-0.026886084760359762,-0.69329972257364081,-0.3153400237510624
30816.216477882572,0.01572300652822653,-0.71468661615193962,-0.3992257348383248
31200.148601897185,-0.023552717849057325,-0.71302621897050511,-0.54426582905053644
31588.864047574862,-0.024980462543031434,-0.74006889322085478,-0.37564448702728725
31982.422409215356,-0.046646341675820401,-0.74165286608822689,-0.55594578620636526
32380.884023590228,-0.049773371207485838,-0.70786282764322295,-0.47030388270850665
32784.309979192876,-0.016458386527656937,-0.72320941266845318,-0.51681744661277662
33192.762125604131,-0.036224100869513366,-0.72015542839519453,-0.47697455050411008
33606.303082974533,-0.023694822489331514,-0.71469587460565753,-0.51929540115160933
34024.996251624412,-0.024028863490927112,-0.73920152138579831,-0.43380951636429188
34448.905821764252,-0.035266733685916575,-0.70148799671263795,-0.40028450339322319
34878.096783335473,-0.005875690706056134,-0.72813747373932214,-0.62972380019024854
35312.634935974165,-0.032452942136623551,-0.69526058840657645,-0.59974518395873133
35752.586899098969,-0.04050580962661221,-0.69178419750340614,-0.60501296047244324
36198.020122124253,-0.025841590619982056,-0.68195595218877036,-0.69911129338863987
36649.002894801277,-0.038303360309858675,-0.69846613510934852,-0.76292068219178411
37105.604357687473,-0.015759931105046705,-0.69736202257078372,-0.69196196511218311
37567.894512746498,-0.021959151708124208,-0.7326090075788928,-0.72854401037322702
38035.944234080394,0.0084482933922989875,-0.71948731028888613,-0.67385720361008339
38509.825278795048,-0.023062223483032027,-0.70271567185097072,-0.59374774107452311
38989.610298001768,-0.016485848828093501,-0.69854810887731023,-0.7301811798859319
39475.372847955223,-0.024962659340454815,-0.70148024384208441,-0.64579557395606457
39967.187401330448,-0.018572157938376729,-0.7052513471801003,-0.5549666298179261
40465.129358640443,-0.02352118211475282,-0.71344980077025733,-0.75163471783889158
40969.275059795531,-0.028140252183483653,-0.71497141184169388,-0.77391299433540128
41479.701795807574,-0.0052642566879117269,-0.70909559783351495,-0.68781422223779387
41996.487820639246,-0.00013965702514927549,-0.71372559960762993,-0.76998852713397525
42519.712363201252,-0.0161348734133634,-0.71788009532319297,-0.78431213843428083
43049.455639499043,-0.023190201999154184,-0.72016799319101044,-0.68975615140890767
43585.798864930686,-0.003742902295192222,-0.74511785814774623,-0.68998561074644726
44128.824266738098,-0.010007278943517375,-0.70478159764824522,-0.76210094492147107
44678.615096613539,-0.0074073817849580692,-0.68868571914691512,-0.87773997256169878
45235.25564346282,-0.042471668960606765,-0.70726720352832551,-0.86347884559428323
45798.831246327791,-0.015864998596857693,-0.66494043624724597,-0.88592942938635133
46369.4283074696,-0.021383014039307341,-0.7159943629614306,-1.0009188547551489
46947.134305615378,-0.049279157101594556,-0.70619043005147031,-0.86103585903160962
47532.037809369343,-0.031132175315601994,-0.69313769019479277,-0.99887164571700282
48124.228490791633,-0.0143104883680051,-0.7272063494657045,-0.91094032936793212
48723.79713914587,-0.002554398078072998,-0.70332211259896249,-1.2163671941720651
49330.835674818009,-0.018215873638058371,-0.72026824733015682,-0.97498744770997803
49945.437163408998,-0.010786687419101475,-0.71943970154150005,-0.94916390843417275
50567.695830002609,-0.018715888746772977,-0.71518632160291529,-1.0900803680699909
51197.707073611055,-0.008376372234578329,-0.71775205794518127,-1.1214532522805172
51835.567481800972,-0.017863772591631463,-0.70503477932289504,-1.0345678505113085
52481.374845501006,0.010412305413373738,-0.72903840773146467,-1.0908790440386156
53135.228173994525,-0.0085885499550631822,-0.69897694187855863,-1.1527717156426434
53797.227710098654,-0.011438035550267473,-0.70054014650670249,-1.1957868802256826
54467.474945532689,0.0040438617753095971,-0.70920292883188174,-1.2627554355989261
55146.072636477707,0.0046012612831892149,-0.73417287908705808,-1.2995678808370599
55833.124819330289,-0.036739073959220658,-0.70533201990871597,-1.1020285468429165
56528.736826652588,-0.009349455518765603,-0.72837621780684825,-1.2494601765920947
57233.015303320761,-0.00095924416095726764,-0.680186481336162,-1.0748326684526717
57946.068222874848,-0.0080971848801248761,-0.71089961531774137,-1.1546561639727955
58668.00490407239,0.013957239639833098,-0.72951015616770654,-1.1590954513905558
59398.936027647753,-0.0075240255162118469,-0.72012389429431889,-1.0291582589200416
60138.97365328134,-0.0085142182664982111,-0.70023231386617346,-1.3005535542030344
60888.231236779138,0.007500530414934546,-0.75103267518444039,-1.4784039874438122
61646.823647466786,0.02056679619204399,-0.72232677967301939,-1.0750250821433269
62414.867185800489,0.011025576858651437,-0.70946333494928804,-1.2632002040964352
63192.479601196552,0.0067692019053213776,-0.74673426679718879,-1.3165056454330788
63979.780110084481,-0.0023357498991776094,-0.7018815111537251,-1.6355454881154685
64776.889414183599,-0.0031069572323747076,-0.71111620012407717,-1.5443333399641048
65583.929719008054,0.010775193594880019,-0.71523131116556771,-1.5364333775993355
66401.024752602476,-0.0093341001845272612,-0.72533370201709635,-1.8257293964746566
67228.29978451012,-0.028440961574237186,-0.6993050121155725,-1.5259446513756956
68065.881644979061,-0.024544007299356158,-0.69118559606994412,-1.5711203941854706
68913.898744405917,-0.01791975261840608,-0.66920597289161621,-1.6235713597382926
69772.481093022972,0.0023979689166064217,-0.71714608281619374,-1.3566325659523386
70641.760320829533,-0.033324898027163971,-0.67463635642469888,-1.6589397899256682
71521.869697773102,-0.016034987067746455,-0.71107993923981616,-1.4741558538060389
72412.944154180514,0.013696150352172663,-0.71721205116074815,-1.4674292533844095
73315.120301444404,-0.01655851295213048,-0.70888812633083198,-1.7357186449152735
74228.536452967252,-0.019101821995437196,-0.69490564181445402,-1.9412990970119637
75153.332645366158,-0.025651866766681242,-0.70227426789947689,-1.7769628684669669
76089.650659942068,-0.023752871263091752,-0.69528905279888731,-1.7126311358012458
77037.634044416554,3.7596848872715539e-05,-0.68155637693161397,-1.9932632341094916
77997.428134939037,0.01247289159505083,-0.69314679556192327,-1.7959949024629793
78969.180078368532,-0.056742443743738435,-0.69618376736074306,-2.2367975022222382
79953.038854832586,-0.00049942997124686626,-0.69717948986609113,-2.1155331188452244
80949.155300567989,-0.0018313353487619023,-0.71177049738512566,-2.0012671911540281
81957.682131045105,0.0052625841547338428,-0.72896619317595046,-2.1787401121888337
82978.773964381326,0.0020066658221431014,-0.70111853465799678,-2.058923939419401
84012.587345045409,-0.019490464804921205,-0.68340411827641256,-2.0251243449371614
85059.280767857286,-0.0027839190954724769,-0.71941366729362566,-1.9482524456264798
86119.014702287459,0.023866047661082086,-0.70991932689902359,-2.1027772995830531
87191.951617058556,0.026983550967754132,-0.71442098898082151,-1.9849826184230608
88278.256005053205,0.018140526890357223,-0.71741594049598367,-2.155510722556059
89378.094408533201,0.020427868917165887,-0.68510843832375812,-2.0467100549219452
90491.635444671614,0.004242603054209983,-0.71428138464073476,-2.2350561652585261
91619.049831404147,-0.018612813662646211,-0.71442819956390613,-2.3282219351379361
92760.510413601762,0.023919153596253885,-0.71816583120279176,-2.3410072782525617
93916.192189569847,0.020861935142641553,-0.70113789481463396,-2.1914681341128279
95086.272337877104,-0.013529730928365314,-0.73133349415678339,-2.1705554587938707
96270.930244519041,-0.024468999147369906,-0.67408732109682257,-2.1667950005804073
97470.347530420069,0.028806185552371716,-0.7147720084015039,-2.4556482757865949
98684.708079277712,0.035158163698842324,-0.73348810566914868,-2.3502072959375653
99914.198065753881,-0.026011340635697305,-0.69868870425970009,-2.2468054962716906
101159.00598401796,0.018694862108819363,-0.71467792709900047,-2.2181469336959623
102419.32267664393,0.029479717530636922,-0.7003584046393202,-2.6340418419737119
103695.34136386999,0.028326127670321916,-0.76061455186117155,-2.4382460556088361
104987.25767322045,0.0033467171702386252,-0.68738798923445144,-2.419072828889739
106295.26966949782,0.024117901061395074,-0.73067945274852109,-2.7515437317183213
107619.57788514823,0.00048513447008696476,-0.72751947627442659,-2.744317694679836
108960.38535100492,-0.017809216930024123,-0.68690078272734667,-2.6481785335273802
110317.89762741583,0.025753213633589227,-0.68217030767472875,-2.8529325779992405
111692.32283575766,0.049222368809996205,-0.75402107054721512,-2.7371383232206341
113083.87169034328,-0.014977840835091998,-0.69093019356716767,-2.9423006552429172
114492.75753072651,0.022294581077914197,-0.72152018253680628,-2.9981953102758609
115919.19635440926,0.041542650454730934,-0.76882643787984084,-2.819049598610448
117363.40684995655,0.022534757922636869,-0.69777423972804309,-2.9228117391565149
118825.6104305238,0.015363455426803075,-0.74872608729840984,-3.1226370569883954
120306.03126780169,0.0067777462338239839,-0.74122596039637956,-2.7744771931552066
121804.89632638448,-0.0056910089240505227,-0.72208563415189675,-3.1134852665685742
123322.43539856527,0.023092890811002572,-0.75839888981610803,-3.4295046440369958
124858.88113956693,0.031889705391110496,-0.68121215645977495,-3.0362747867163193
126414.46910320963,0.042409285090582685,-0.71586532702078132,-3.020271919713224
127989.43777802437,0.0061666194056080479,-0.73670473791268776,-3.3776078566924781
129584.02862381583,-0.013891920981908688,-0.76147547700219098,-3.0818805238694775
131198.48610867999,0.013126108554631172,-0.73384601109044667,-3.2485502135047142
132833.05774648505,0.0072549413331459891,-0.71085351024153254,-3.5024184540132239
134487.9941348171,0.0045510702199624709,-0.73737833181803103,-3.5423827548304416
136163.54899339954,0.037323486240588413,-0.71422790184797358,-3.26392210542474
137859.97920299167,0.040222349395868079,-0.75271204800027114,-3.4243707257948159
139577.54484477002,-0.0069241194921243433,-0.71552435270236581,-3.2270029001724509
141316.50924020313,0.026136761104976165,-0.723202927734099,-3.745633923016257
143077.13899142083,-0.011598347423597626,-0.71694996905725761,-3.4611269136003031
144859.70402208707,0.019383058650934325,-0.72528268532246909,-3.5031701395183887
146664.4776187824,-0.016235904140120227,-0.72153090013867771,-3.4621523859296417
148491.73647290186,0.042411492901276514,-0.74270193378154781,-3.7860743830418002
150341.76072307472,0.032357870280501029,-0.76037216998687218,-3.8837573943116297
152214.83399811271,0.017169924973487495,-0.75107562807416361,-3.7286435653185492
154111.2434604936,0.022614706542824853,-0.72538391966442117,-3.9634902576250681
156031.27985038547,-0.00031122177541137159,-0.73659721326757965,-3.9178898233635664
157975.23753022184,0.034230630611236129,-0.76778974271619627,-4.0018219201843621
159943.41452982923,0.022736168590978233,-0.77450972788678396,-3.9366210058985125
161936.11259211926,0.016986005946746312,-0.76243638678045245,-3.8769667614480312
163953.63721934898,-0.0015131480670144424,-0.73141517322098881,-4.1516425511904345
165996.29771995664,0.030639106544232669,-0.77903170074003425,-4.4769310339266042
168064.40725598377,-0.024947076618702727,-0.73834635564853701,-4.2034834892203294
170158.2828910852,0.029551768687821937,-0.73992983275196378,-4.1996137285890143
172278.24563913836,-0.024628114793306503,-0.74732181920173479,-4.2529845296983382
174424.62051345903,0.02705620165701934,-0.75069940923391465,-4.2220210673555982
176597.73657662788,0.016061323551638716,-0.78096063887255085,-4.7269751402931206
178797.92699094108,0.01471188993752034,-0.74003931691560365,-4.4469722602205195
181025.52906948666,0.023113601079806995,-0.71993000462118939,-4.3501527699634579
183280.8843278586,-0.020694415342627625,-0.74867982095158703,-4.9963389773799349
185564.33853651473,-0.035417024404700098,-0.73860076707582645,-4.641153674136433
187876.24177378672,0.0042326653400765728,-0.7272206859822774,-4.6818841254252721
190216.94847955194,0.040219137407512387,-0.78144313187532055,-4.9309371409358249
192586.81750957217,-0.016989494778343189,-0.76132898418951722,-5.0683838508045937
194986.21219051024,-0.023620015817753803,-0.72764457217570988,-5.117530886966307
197415.50037563196,0.0303757142048048,-0.78120009536697743,-4.8821136795926634
199875.05450120172,0.0018375593185537618,-0.79043615920071308,-5.1881212962668144
202365.25164358161,-0.027998117678946159,-0.71974859888646248,-5.1315568940102878
204886.47357704103,-0.01846676853048829,-0.7639881376164479,-5.2272643693878535
207439.10683228687,0.016172089362678489,-0.75105390372489289,-5.060924121624339
210023.54275572297,0.00015602570391690966,-0.70233341874244593,-5.4930056787454902
212640.17756944682,0.051006676849377305,-0.80304620192097342,-5.2166734825746914
215289.41243199658,0.018821482954691864,-0.76116096308875103,-5.6232272291444332
217971.65349985118,-0.03879271184450047,-0.73474377229964993,-5.4922001769807522
220687.31198969981,0.0040813866379768643,-0.81743582066777565,-5.6340768511174417
223436.80424148557,-0.036028702474783646,-0.78241878149459998,-5.472342888043741
226220.55178223382,0.0011583040077693411,-0.73959772815945957,-6.0084629344852942
229038.98139067867,-0.054242637851188331,-0.71316744955894362,-5.881896368422427
231892.5251626918,0.00031475428826963114,-0.77040515621910188,-5.8195859391587845
234781.62057752715,0.036749690083192753,-0.78448694636249872,-6.0314450665351131
237706.71056489242,0.0089676751442066358,-0.74676931826466453,-5.9022491055444277
240668.24357285292,0.021992527991214449,-0.78808056397506088,-6.1167218766475031
243666.67363658609,-0.0059463248940931392,-0.77790699151546905,-6.4115314056784989
246702.46044798824,0.014954992750982429,-0.72326751706914094,-6.4406698608443662
249776.06942615114,0.0024978257595782145,-0.84881189630179454,-6.3656891305984118
252887.9717887154,-0.0088819676270574625,-0.75029171264765282,-6.2388453320876138
256038.64462411276,0.020210091016179006,-0.72859651115703228,-6.5615205479434398
259228.57096471047,-0.0089023818976021792,-0.8049160575341554,-6.5536995731124179
262458.23986086407,-0.036247016698936263,-0.73481250702134626,-6.9245255998230846
265728.14645589481,0.0038595733163311542,-0.78321574030755703,-6.8574495486150511
269038.79206199991,-0.045983756528866181,-0.80421933781950217,-7.0268514005104805
272390.68423710938,-0.019128139678819409,-0.81024697700733705,-7.1283096124092822
275784.33686270041,0.0098410101427528762,-0.83579621875582666,-7.0004988362089335
279220.27022258099,-0.030700745775858101,-0.83079442118886027,-7.2999580331252147
282699.01108265476,-0.0066305381264242158,-0.82382150647931995,-7.0351771680189898
286221.09277168068,-0.0070386095272614493,-0.84476122651661434,-7.3472579662527302
289787.05526303599,-0.018219858602579932,-0.84793241470298364,-7.4969540737934324
293397.44525750313,-0.028625385357069821,-0.82938094380990857,-7.5513094943671106
297052.81626708253,0.01015565308862326,-0.80900060054047684,-7.6844220023596677
300753.72869985306,-0.039195364410329274,-0.8274750520585088,-7.5820678272608006
304500.74994588882,-0.036331288871096747,-0.81235430242139517,-8.17054965928671
308294.45446424442,-0.030008550594223138,-0.84550198656715092,-8.0223175151475772
312135.42387102859,-0.014973339420190794,-0.85087605944335232,-8.0811615795701357
316024.24702857033,0.0018940831326136717,-0.84195716557490696,-8.0041045601060432
319961.52013569867,0.0053482203861685354,-0.86113958149320124,-8.2780410565496112
323947.84681914508,-0.010859740172080188,-0.89909809708763933,-8.523706713339763
327983.83822608821,0.016140645180738745,-0.93005893627929659,-8.4606174977362461
332070.11311784806,-0.010618498561544884,-0.8443042687501362,-8.7398394529115251
336207.29796474881,-0.060067894974059788,-0.86738005593234013,-8.5461527523342937
340396.02704216423,-0.024519891928698551,-0.90743522580432034,-8.6694210679767139
344636.94252775726,-0.037926515374021197,-0.85355728278311349,-8.8561773042280549
348930.69459993491,-0.074754082954112913,-0.84818548020704698,-8.9496581065561713
353277.94153752696,-0.03056843572257098,-0.87152130187941934,-9.146538349418293
357679.3498207067,-0.00056319351736815637,-0.93431802122585128,-9.2038977964009661
362135.59423317073,-0.031452210508128804,-0.88479378633134875,-9.2583753668979227
366647.35796558822,-0.056328415605574514,-0.90923654843046153,-9.949161008696791
371215.33272034477,-0.058474492687734747,-0.92389039719992583,-9.4410036997069042
375840.21881758532,-0.054647724200097947,-0.94334379711732919,-9.6782607821293425
380522.72530258208,-0.013514221021325051,-0.92122937432877494,-9.7740083422295783
385263.57005443942,-0.05856900025616496,-0.92171929027021648,-10.047968935512953
390063.47989614937,-0.014705692299034475,-0.91765996484320544,-10.258168755282881
394923.19070602587,-0.027708028939771027,-0.92335626578066154,-10.477624405262475
399843.44753052026,-0.059274768908480983,-0.97159011078272195,-10.608781151978178
404825.00469844509,-0.04038821820432615,-0.95199733299295752,-10.524155952818759
409868.62593662244,-0.053319461361207757,-1.0113933055233044,-10.876042823418778
414975.08448696847,-0.050481122976500883,-0.98197616480153593,-10.642228632286503
420145.16322504374,-0.030053057780138441,-1.00982749882562,-10.89289257325993
425379.65478007385,-0.051144540222277449,-1.007124645103771,-10.857335425890213
430679.36165646929,-0.041447346546456446,-1.0257506937951488,-10.874150026912076
436045.09635685739,-0.055410701466260953,-0.98003476053514338,-11.682344224748363
441477.68150664691,-0.035114071440907224,-0.99306254097100899,-11.552271412778964
446977.94998014835,-0.041585617643041334,-1.0257157364226019,-11.381812150188466
452546.74502826028,-0.039435512282444379,-1.079094182312323,-12.000477519996373
458184.92040774919,-0.058333585363478803,-1.0400006886938957,-12.094274906975606
463893.340512141,-0.060724123720247464,-1.0720870425671918,-12.293954619322051
469672.88050423888,-0.067400119476166573,-1.0889113741220955,-12.198213254849719
475524.42645029869,-0.080462073705610523,-1.0889593153323975,-12.157375865047783
481448.87545587099,-0.07217083492552645,-1.0988071526178058,-12.582427437651319
487447.13580333727,-0.037794759091031818,-1.0859810193311787,-12.670830960061508
493520.12709115999,-0.0825752470403609,-1.1530780928805515,-12.969013144137847
499668.78037486412,-0.057233996475690455,-1.1043260687751442,-12.641943446015482
505894.03830978309,-0.076199722303427808,-1.1719860232109012,-12.956444638612439
512196.85529557394,-0.0571279931896084,-1.1759003052066865,-13.293339163096149
518578.19762253913,-0.083515268151562877,-1.1821085219247411,-13.380736673302273
525039.04361976963,-0.041143171168637478,-1.1595345160499544,-13.651643759037611
531580.38380513003,-0.092162852688611852,-1.1767821272633896,-13.854517617476375
538203.22103712079,-0.076090241075369006,-1.2259016950392119,-13.957311423630983
544908.57066862413,-0.082610472377691244,-1.1898421445351084,-14.28049616990026
551697.46070256853,-0.072218507137760249,-1.2354578391462445,-14.41549312945105
558570.93194953538,-0.062159127256179829,-1.2430692042440981,-14.115417137702963
565530.03818732174,-0.059217071510092825,-1.2957148832119993,-14.544695455399705
572575.84632250143,-0.067469214801597593,-1.2415005424046757,-14.824848327473035
579709.43655399012,-0.09063246442251989,-1.270201716718433,-14.790843399619511
586931.90253865242,-0.10351696727147025,-1.3249138631241133,-14.893406319306422
594244.35155897145,-0.072446039308142141,-1.3879777969921903,-14.867856972363711
601647.90469280502,-0.084707825558680019,-1.3663058691658239,-15.398303238581093
609143.69698526361,-0.079409332037137792,-1.4115204191861683,-15.609267479494292
616732.87762272183,-0.077252094272702104,-1.3788434819920734,-15.837087275786848
624416.61010900163,-0.092089064217446157,-1.416424251992392,-15.772220364032066
632196.07244375139,-0.07853547057625046,-1.4031016752405416,-15.68035429144463
640072.45730304264,-0.093955997323382098,-1.494809643867516,-15.796832461181541
648046.97222222446,-0.063001411859606421,-1.4726616182102932,-16.26837007232794
656120.83978104976,-0.08931203533393052,-1.5090449627353266,-16.48022949855708
664295.29779111035,-0.093425916771218753,-1.525329304677316,-16.609108984469586
672571.5994856077,-0.074307814200962469,-1.5396852531621044,-16.820374725315389
680951.01371148275,-0.090355062988048546,-1.5372487210267543,-16.709533803325968
689434.82512395142,-0.09035228498207494,-1.6417056270955785,-16.958796907143224
698024.33438344987,-0.074798640438673569,-1.590087626675518,-17.217072824480312
706720.8583550445,-0.090457402993008182,-1.6425702922185805,-17.160701332156677
715525.73031031596,-0.091157606787129614,-1.6980276637788294,-17.527113497419805
724440.30013177067,-0.088160459272458219,-1.714659931260303,-17.739713977846804
733465.93451978848,-0.098057348093285604,-1.7071100011958908,-17.920954238368239
742604.01720215369,-0.10644011360924509,-1.7676865581479027,-18.045401442527066
751855.94914619578,-0.093057632244596594,-1.7997228531987415,-18.304210779083334
761223.14877357055,-0.10124708637773804,-1.7912090636407785,-18.433202878467881
770707.05217772431,-0.10810969503350012,-1.7974236085019315,-18.673620468763126
780309.11334405886,-0.10650512519617159,-1.8058461017714833,-18.532783299960983
790030.80437284452,-0.10677250727564701,-1.8830470742348557,-18.466713475720482
799873.61570490967,-0.1264607965278178,-1.9473263563273748,-18.982971306815614
809839.05635013804,-0.10793001313411221,-1.8890130272215513,-19.237038795048107
819928.65411882114,-0.10040603243190364,-2.0296418575885684,-19.185888919074404
830143.95585588599,-0.10674325578092418,-2.0007060787511386,-19.279429532049065
840486.52767804312,-0.11597834802052676,-2.0500355402674186,-19.509270966979656
850957.95521389064,-0.090239027436445046,-2.0410151658703897,-19.451272828013032
861559.84384700318,-0.13909216001258193,-2.0922144136031426,-19.610205635998511
872293.81896206329,-0.10937670751569081,-2.18828239404609,-19.40203321564411
883161.52619404241,-0.12861664014124277,-2.2119545092458965,-19.896955781946758
894164.63168050046,-0.12040534453378339,-2.1535036919318791,-19.850714766342982
905304.82231702039,-0.13803158505848254,-2.2345203459231384,-20.289022661389247
916583.8060158242,-0.1139885273511517,-2.2809833140062041,-20.577484056969247
928003.31196762144,-0.12339106689115574,-2.3119023480192467,-20.283501429009917
939565.09090670885,-0.11024974482137834,-2.3258358789751137,-20.843022908691623
951270.91537937569,-0.10273092127948392,-2.3819198325505844,-20.826934496559243
963122.58001565898,-0.13797826364404608,-2.3925068876783002,-20.711340174572847
975121.90180447244,-0.11444339370267473,-2.4226434053408834,-20.941999689467565
987270.72037217882,-0.1316061807095007,-2.5079142145613664,-20.883350056849679
999570.89826461975,-0.1355915593128377,-2.4572461602875117,-20.971086680210334
1012024.3212326657,-0.12151500875508507,-2.5485007993437838,-21.041118811627285
1024632.8985213223,-0.1060186771016409,-2.5684476405450467,-21.385734885724631
1037398.5631624338,-0.13137126193433141,-2.5942536069846778,-21.578965617437873
1050323.2722710464,-0.12700672367956997,-2.6495437097039538,-21.316179957905081
1063409.0073454489,-0.12969625776718183,-2.7108342561973164,-21.750314005746716
1076657.7745709594,-0.14869613004054966,-2.70138477043563,-21.536080847570453
1090071.605127498,-0.13398459657688636,-2.7287341435381176,-21.67581200016123
1103652.5555009805,-0.14494160160398684,-2.7688665837718767,-21.472283282480376
1117402.7077986116,-0.15501320690328702,-2.7932276979366382,-21.681321522065588
1131324.1700680861,-0.1431031742013171,-2.8550408744914293,-22.094702864956787
1145419.0766207792,-0.13738341541702498,-2.887843524761383,-22.028849306219264
1159689.5883589592,-0.13945176661662348,-2.9310025394088997,-21.989807377744739
1174137.8931070731,-0.14773795129965678,-2.9988403575647626,-21.673652465336197
1188766.2059471707,-0.16060436692358657,-3.0034152151452593,-22.129160798408066
1203576.7695584977,-0.1434269867129202,-3.0225175814211802,-22.201573159220949
1218571.8545613207,-0.16079016950715327,-3.0162690681589548,-22.229945683501626
1233753.7598650425,-0.15286760832256455,-3.0441403297383669,-22.057006148884341
1249124.8130206424,-0.15970869728049986,-3.1106271253879729,-22.401833943947508
1264687.3705775244,-0.15025316874182548,-3.1372210404682055,-21.879781578383142
1280443.818444795,-0.17705464459919132,-3.1489788263603598,-22.548515626840995
1296396.5722570529,-0.1711185250087591,-3.1817932097068873,-23.083848444077518
1312548.07774473,-0.19893266048402031,-3.2753157655790863,-23.818178730952297
1328900.8111090455,-0.17315185170737854,-3.2740662639871982,-22.537096034818859
1345457.2794016413,-0.1769434555028831,-3.2792362089202234,-22.412326016966148
1362220.0209089369,-0.16115481521443797,-3.3304734856188301,-22.575953307691879
1379191.6055412737,-0.17816993223607583,-3.3557027076394408,-22.557896533587694
1396374.6352269165,-0.18942812042257184,-3.4031622871509803,-22.3304846196705
1413771.7443109469,-0.14448907013542395,-3.4555168823441407,-22.511211665912164
1431385.5999591483,-0.22244203663176476,-3.4396385103092291,-22.44777063634271
1449218.9025669061,-0.17513759809387688,-3.5025423297712526,-22.627212065267543
1467274.3861732094,-0.17374619814581199,-3.5419043267619448,-22.61721259742329
1485554.818879802,-0.19765395548437409,-3.5912247827019224,-22.268052196541746
1504063.0032755737,-0.19281490654290728,-3.5924873524135856,-23.003836145272857
1522801.7768662206,-0.21882489857018284,-3.5841687546380623,-22.720130675711133
1541774.0125092654,-0.18459186026063512,-3.5975458702027909,-22.78655264954876
1560982.6188545036,-0.20471660810310144,-3.6106275162792327,-22.708101882325337
1580430.5407899183,-0.21359017967340027,-3.7166187504723891,-22.664043226881972
1600120.7598931799,-0.19510183180898499,-3.7283796324645606,-22.84155092167822
1620056.294888743,-0.20014216947607605,-3.7710698813227417,-22.923518671735408
1640240.2021106533,-0.23146710743832732,-3.7859944869044067,-22.756741757999833
1660675.5759711191,-0.20847003148280807,-3.8027343087799959,-22.532053685912729
1681365.5494349087,-0.21905178810673456,-3.7956374626404923,-22.647796801145901
1702313.2944996816,-0.21669490771877759,-3.9047891110561657,-23.403514991707979
1723522.0226822824,-0.22040939331264631,-3.8687554907192103,-23.105222168462689
1744994.9855110999,-0.2239083876878753,-3.8835232119820509,-22.974108943577775
1766735.4750245693,-0.21677521851930132,-3.934171401268125,-23.035568233626037
1788746.8242758636,-0.22431997422921998,-3.9424593009486868,-22.979837497361927
1811032.4078439022,-0.24702843837537392,-3.9551929706315549,-22.815265583655183
1833595.6423507032,-0.25736093819952133,-3.9767803941441375,-22.945055538560439
1856439.9869851887,-0.23909971137611466,-4.0147121855110806,-23.044232278141337
1879568.9440335184,-0.2463112971595553,-4.0338296252734276,-22.914812504898322
1902986.0594160189,-0.23871603635524002,-4.0703447643415434,-23.0482015207713
1926694.9232308283,-0.25274719711293475,-4.1124563083351875,-22.620420715910981
1950699.170304284,-0.26616615880329547,-4.0892847842671065,-23.045772531905527
1975002.4807481861,-0.24981566461162744,-4.135520298039272,-23.165213905406574
1999608.5805240001,-0.29420198273272186,-4.1124893384518622,-23.154278104311089
2024521.242014078,-0.27067397565086809,-4.1883910694704261,-23.091879029705851
2049744.2846000174,-0.2801194541459085,-4.1662280188526388,-23.26434116581315
2075281.57524821,-0.27361485943047148,-4.2030871493907238,-23.34983603125518
2101137.0291026863,-0.29865481431285262,-4.1771645918384062,-23.659738033511857
2127314.6100853556,-0.28244490145563494,-4.2784314837860515,-23.314820259665929
2153818.3315037065,-0.30378293088715985,-4.2707794622614461,-23.433496649265496
2180652.2566661076,-0.33569297266606796,-4.2553889377007952,-23.464418424188551
2207820.4995047427,-0.2959977785294598,-4.354241960674738,-23.375888205431295
2235327.2252063309,-0.33119900895036314,-4.2954908912130287,-23.388167539302426
2263176.6508506904,-0.34190886374943136,-4.3154417333352715,-23.557227043110039
2291373.0460572536,-0.38824008535774668,-4.3584021015914791,-23.211946812297569
2319920.7336396663,-0.33098188255309513,-4.3954307681791507,-23.999578182460095
2348824.0902685081,-0.34875136474971258,-4.3741843830560514,-23.809873600100723
2378087.5471422849,-0.35204348764122584,-4.4262733650445583,-23.943048917986133
2407715.5906667858,-0.3518231416684065,-4.4513756663533846,-23.772458644663573
2437712.7631428838,-0.34208443764595536,-4.4403870797775298,-24.02426510255151
2468083.6634629378,-0.34836800592433598,-4.4838078261322796,-24.039850392024682
2498832.9478158429,-0.38998828569395622,-4.445830326079129,-24.141560331778749
2529965.3304008767,-0.38382313343276747,-4.52886353389062,-24.266312912520107
2561485.5841504373,-0.3884968590154278,-4.5310785128047453,-23.997561007190924
2593398.5414617779,-0.42047394616628037,-4.5049888624839349,-24.28526410411682
2625709.0949378824,-0.38011773070641042,-4.5357491047148066,-24.754300419136428
2658422.1981375413,-0.40040128394448082,-4.560970168623065,-24.754270023694431
2691542.8663347908,-0.41154751994681948,-4.6178586220467004,-24.77467542593476
2725076.17728781,-0.43268188718620176,-4.5952625250485761,-24.84415220875799
2759027.2720173877,-0.42239527126696197,-4.6674586618779177,-24.790375322516706
2793401.3555951081,-0.43566739423891043,-4.6589372091457433,-24.995965536308447
2828203.6979413433,-0.50262455429642827,-4.5644958393219595,-25.051275062694245
2863439.6346331798,-0.48786325692643989,-4.6274174770905434,-25.248098404937366
2899114.5677224356,-0.46141582343068943,-4.7292757699448051,-25.086198973508573
2935233.9665638292,-0.48936440534061848,-4.6837221880312052,-25.530761393299649
2971803.3686535228,-0.54244968205133703,-4.6740307798058085,-25.620071845242229
3008828.3804780543,-0.51321820248427397,-4.7627342735306266,-25.677904908402695
3046314.6783738881,-0.51455014848415814,-4.749676739678927,-25.965272594725516
3084268.0093976543,-0.49219564751350264,-4.8019954941365679,-25.847595243307378
3122694.1922072233,-0.57599276402119326,-4.7493731464391429,-25.91426847858196
3161599.1179537922,-0.57748824590522729,-4.7948741630446357,-26.098260750068718
3200988.751185047,-0.51231056779442408,-4.8765860516510102,-26.604082468195259
3240869.1307595987,-0.56779051189323926,-4.8530147020326551,-26.81998085186914
3281246.3707727902,-0.56032509189406754,-5.0044564691659952,-26.109911028782221
3322126.6614940804,-0.64635915485342477,-4.7405236989982127,-27.196322500176962
3363516.2703160602,-0.62178799034031074,-4.9096752022576622,-26.6742393908645
3405421.5427153185,-0.54994193661353963,-5.0261676340341772,-26.900459292646971
3447848.9032252738,-0.66506738747978367,-4.9222309364160504,-27.108466931449975
3490804.8564211125,-0.65602205563822369,-4.9749603070354347,-26.715197680134523
3534295.9879170312,-0.71022144781048158,-4.9296759545098219,-27.556210641562927
3578328.9653758709,-0.70179726983984558,-4.9572198442771054,-27.85492905308945
3622910.5395313422,-0.73368201991474002,-4.9291573245414577,-28.016249733193987
3668047.5452229944,-0.73357843300701209,-5.0415565843243781,-27.564734595574265
3713746.9024440479,-0.6670848284967752,-5.1623651589759287,-28.167681052916436
3760015.6174023356,-0.81408194227532205,-5.0057057893872496,-27.869698872250297
3806860.7835944118,-0.7135457368989262,-5.1423845734105917,-29.101825900721273
3854289.5828930652,-0.77102800382230707,-5.1418018791057722,-28.735268176801398
3902309.2866483843,-0.82422505903467347,-5.1352967103855898,-28.069111877722548
3950927.2568025137,-0.65547232456329851,-5.3820105584092932,-29.827577749885336
4000150.94701835,-0.76372471365224159,-5.1799578417667513,-30.584294789299918
4049987.9038222488,-0.78829542825891152,-5.4184761194742856,-28.813060155342711
4100445.7677609962,-0.69935521546592383,-5.5185651675617153,-29.885196787397604
4151532.2745731897,-0.88440747706999856,-5.309822595495036,-29.564808372495818
4203255.2563751936,-0.75207533588847908,-5.497570847657772,-30.742605548182517
4255622.6428619139,-0.88390875552293857,-5.3882199998348081,-30.539663160709608
4308642.4625224918,-0.84841596902813277,-5.522411259702249,-31.126790106505496
4362322.8438711595,-0.96305196218496736,-5.4249729281237693,-30.757911209752649
4416672.0166934356,-0.94783596518247548,-5.3753379690036107,-30.80787979316279
4471698.3133078199,-0.89150294547201159,-5.4956289801154892,-32.018964662647491
4527410.1698432593,-0.96945225617744257,-5.5345645766424134,-30.737217654483501
4583816.1275324803,-0.94748262303814501,-5.6185805372910398,-31.921755953870758
4640924.8340214519,-0.95747551654930141,-5.658487832385144,-31.989769719121043
4698745.0446951753,-0.98930018193331071,-5.6566083236556173,-32.35401620148852
4757285.6240199516,-0.95757632654220748,-5.659240174923025,-34.03169244928074
4816555.5469024405,-1.0729752369634076,-5.5488422251659575,-34.19129410664025
4876563.9000655832,-1.1666769427450583,-5.5775027188111928,-33.414950906652024
4937319.8834417034,-1.2419656089606428,-5.3789615357686191,-35.12041498948912
4998832.8115829667,-1.1636113123178571,-6.1695494036417209,-28.655470973820243
5061112.1150893681,-1.1006506570980581,-6.1509994304468361,-31.145383529327887
5124167.3420545915,-1.1227228223704135,-5.8554627630833718,-34.793428926726691
5188008.1595298126,-1.2873839969595877,-6.1364543333356822,-29.728838930696
5252644.3550057551,-1.1281116359615497,-6.3769243621396132,-31.376086303472931
5318085.8379132487,-1.2312980503853619,-6.113272405094361,-33.528388191908178
5384342.6411424037,-1.5067795494381244,-5.693413113577992,-34.101272461074132
5451424.9225808131,-1.3699598866845508,-5.9674001311902991,-34.692645312638319
5519342.9666708419,-1.2155270899733281,-6.2803211430671926,-35.717841071785529
5588107.1859863419,-1.4812692348805701,-6.0923593015102515,-33.898079944828091
5657728.1228290321,-1.22907504868773,-6.3873389216528285,-36.488986940365777
5728216.4508447042,-1.259996266695991,-6.4053350654681278,-36.905134227772848
5799582.9766596677,-1.079416973320761,-6.918392466784077,-35.745841951244479
5871838.6415374782,-1.4993766993148916,-6.2969802872973224,-35.98052328191983
5944994.523056373,-1.4204614895875576,-6.5281139264101959,-35.955515712064091
6019061.8368075835,-1.4329828534832665,-6.5599451435695304,-36.975187159425104
6094051.9381147772,-1.7659913525856399,-6.0721201046661557,-37.003689362836525
6169976.3237750046,-1.5412662909778176,-6.4615311759547573,-39.004523217032641
6246846.6338212425,-1.6718167520112692,-6.4376035064037929,-39.011195522382891
6324674.6533069545,-1.4030431661241693,-6.6078015491802775,-41.854844283005704
6403472.3141128682,-1.3860954722926322,-7.0300024797129925,-39.66996943515791
6483251.6967762355,-2.0729267339305557,-6.5490196918484056,-32.900482750438783
6564025.0323429536,-1.758975547068085,-6.8591269157596058,-38.036373688408915
6645804.7042426923,-1.3757666295923356,-6.8733330160852111,-46.235528633440317
6728603.2501874072,-2.268304623290005,-6.4416531237403776,-34.05874634749793
6812433.3640935216,-2.341176717210228,-5.7443347856914393,-42.970022032038045
6897307.8980280068,-1.9507247346807124,-6.6773375162388735,-41.63124854249115
6983239.8641787916,-1.7701229773289096,-6.522250886271431,-48.317116637423453
7070242.4368496444,-2.2050345219693082,-6.7665495258493822,-38.123489351625238
7158328.9544799477,-2.7240014595942768,-5.7144178343399945,-42.111390870051963
7247512.9216895942,-2.2744630166000239,-6.5245225755096081,-41.989583069021421
7337808.0113494406,-1.0471197285169076,-8.2524181541049728,-50.427383369587581
7429228.06667748,-2.0908003894171019,-7.5280731506697762,-39.562403172252061
7521787.1033611586,-2.2819089809476152,-6.6604335108403658,-46.209016629292535
7615499.3117061444,-2.0265396436872471,-7.8911290573039272,-40.477287156913803
7710379.0588118173,-1.8361027685981264,-8.0826436768244729,-44.074049626289636
7806440.8907739623,-1.8150890748776296,-7.536909982483917,-51.049263625310118
7903699.5349148,-2.4196993408726093,-7.8704218161320671,-38.704478233956905
8002169.9020408578,-2.4894750999155524,-7.4902866287241912,-42.122525433272386
8101867.0887289699,-2.5982540852825009,-7.3638031685163208,-42.839889037871245
8202806.3796406994,-2.5025153217704559,-7.6848670702314568,-43.077697498863571
8305003.2498657135,-2.3002503814587945,-7.8367379758897737,-47.191867744120444
8408473.3672942352,-2.5739288507723836,-7.62813886017386,-45.880755795355959
8513232.5950191114,-2.4422138547476244,-7.8829488023781868,-47.709127578820883
8619296.9937678147,-2.8661164564488222,-7.6551046328678796,-43.549246041386638
8726682.8243646752,-2.8996820356386621,-7.8118827008437695,-43.084643687318007
8835406.550223913,-2.8018909463528652,-7.9494811343858993,-45.687841460817253
8945484.8398736101,-2.5770609052527602,-8.6653021893828921,-45.442479173213883
9056934.5695111919,-3.0835782338289235,-7.9306894457135844,-42.920960468706397
9169772.8255907446,-2.7729251308069776,-8.2206913262866657,-48.699993059876405
9284016.9074424971,-2.9815837617525198,-7.9680147030592874,-48.903387561847751
9399684.3299250808,-2.7698016975182971,-8.5570775911783432,-49.848757462264132
9516792.8261106908,-2.9628247852445293,-8.4415108334226332,-49.160156040129834
9635360.3500037752,-3.0620083113258074,-8.3824568901435885,-49.313914448703031
9755405.0792935826,-3.1682836075089007,-8.3528557179366114,-48.647093779781031
9876945.4181409664,-3.2529416564498677,-8.2889659811034164,-49.796263488917226
10000000,-3.3379784803381938,-8.2649488215809956,-50.598678093329333
